# make	model (generated by tools/us-vocabulary/generate.mjs from NHTSA vPIC; do not edit by hand)
Acura	ADX
Acura	CL
Acura	ILX
Acura	Integra
Acura	Legend
Acura	MDX
Acura	NSX
Acura	RDX
Acura	RL
Acura	RLX
Acura	RSX
Acura	SLX
Acura	TL
Acura	TLX
Acura	TSX
Acura	Vigor
Acura	ZDX
Alfa Romeo	164
Alfa Romeo	4C
Alfa Romeo	8C Competizione Spider
Alfa Romeo	GTV6
Alfa Romeo	Giulia (952)
Alfa Romeo	Milano
Alfa Romeo	Spider
Alfa Romeo	Stelvio
Alfa Romeo	Tonale
Audi	100
Audi	200
Audi	4000
Audi	5000
Audi	80
Audi	90
Audi	A3
Audi	A4
Audi	A4 allroad
Audi	A5
Audi	A6
Audi	A6 allroad
Audi	A7
Audi	A7 e
Audi	A8
Audi	A8 L
Audi	A8 L e
Audi	A8 e
Audi	Cabriolet
Audi	Q3
Audi	Q4
Audi	Q5
Audi	Q5 e
Audi	Q6
Audi	Q7
Audi	Q8
Audi	Q9
Audi	R8
Audi	RS 3
Audi	RS 4
Audi	RS 5
Audi	RS 6
Audi	RS 6 Avant
Audi	RS 7
Audi	RS Q8
Audi	RS e-tron GT
Audi	S e-tron GT
Audi	S3
Audi	S4
Audi	S5
Audi	S6
Audi	S7
Audi	S8
Audi	SQ5
Audi	SQ6
Audi	SQ7
Audi	SQ8
Audi	SQ9
Audi	TT
Audi	TT RS
Audi	TTS
Audi	V8
Audi	allroad
Audi	e-tron
Audi	e-tron GT
Audi	e-tron Sportback
BMW	128i
BMW	135i
BMW	1M
BMW	228
BMW	228i
BMW	230i
BMW	318i
BMW	318iC
BMW	318iS
BMW	318ti
BMW	320i
BMW	323i
BMW	323iC
BMW	323is
BMW	325/325e
BMW	325/325eS
BMW	325Ci
BMW	325i
BMW	325i/325is
BMW	325iC
BMW	325iS
BMW	325ix
BMW	325xi
BMW	328Ci
BMW	328d
BMW	328i
BMW	328iC
BMW	328iS
BMW	328xi
BMW	330Ci
BMW	330e
BMW	330i
BMW	330xi
BMW	335
BMW	335d
BMW	335i
BMW	335is
BMW	335xi
BMW	340i
BMW	428i
BMW	430i
BMW	435i
BMW	440i
BMW	524td
BMW	525i
BMW	525iA
BMW	525xi
BMW	528e
BMW	528i
BMW	528xi
BMW	530e
BMW	530i
BMW	530iA
BMW	530xi
BMW	533i
BMW	535d
BMW	535i
BMW	535i/535is
BMW	535xi
BMW	540d
BMW	540i
BMW	540iA
BMW	545i
BMW	550e
BMW	550i
BMW	633 csi
BMW	635CSi
BMW	640i
BMW	640xi
BMW	645Ci
BMW	645i
BMW	650i
BMW	650i, Alpina B6
BMW	650i, B6
BMW	650xi
BMW	730i
BMW	733i
BMW	735i
BMW	735iL
BMW	740Li
BMW	740e
BMW	740i
BMW	740iL
BMW	745Le
BMW	745Li
BMW	745e
BMW	745i
BMW	750Li
BMW	750Li, Alpina B7
BMW	750Lxi
BMW	750Lxi, Alpina B7
BMW	750e
BMW	750i
BMW	750i, Alpina B7
BMW	750i, B7
BMW	750iL
BMW	750xi
BMW	750xi, Alpina B7
BMW	760Li
BMW	760i
BMW	840Ci
BMW	840i
BMW	850CSi
BMW	850Ci
BMW	850i
BMW	ActiveE
BMW	ActiveHybrid 3
BMW	ActiveHybrid 5
BMW	ActiveHybrid 7
BMW	Alpina
BMW	Alpina B8
BMW	B7
BMW	L7
BMW	M2
BMW	M235
BMW	M235i
BMW	M240i
BMW	M3
BMW	M340i
BMW	M3Ci
BMW	M4
BMW	M440i
BMW	M5
BMW	M550i
BMW	M6
BMW	M760Li
BMW	M760i
BMW	M8
BMW	M850i
BMW	X1
BMW	X2
BMW	X3
BMW	X4
BMW	X5
BMW	X6
BMW	X7
BMW	XM
BMW	Z3
BMW	Z4
BMW	Z8
BMW	i3
BMW	i4
BMW	i5
BMW	i7
BMW	i8
BMW	iX
Buick	Allure
Buick	Cascada
Buick	Century
Buick	Coachbuilder
Buick	Electra
Buick	Enclave
Buick	Encore
Buick	Encore GX
Buick	Envision
Buick	Envista
Buick	LaCrosse
Buick	LeSabre
Buick	Lucerne
Buick	Park Avenue
Buick	Rainier
Buick	Reatta
Buick	Regal
Buick	Regal TourX
Buick	Rendezvous
Buick	Riviera
Buick	Roadmaster
Buick	Skyhawk
Buick	Skylark
Buick	Somerset
Buick	Terraza
Buick	Verano
Cadillac	60 Special
Cadillac	ATS
Cadillac	Allante
Cadillac	Brougham
Cadillac	CT4
Cadillac	CT5
Cadillac	CT6
Cadillac	CTS
Cadillac	Catera
Cadillac	Celestiq
Cadillac	Cimarron
Cadillac	DTS
Cadillac	Deville
Cadillac	ELR
Cadillac	Eldorado
Cadillac	Escalade
Cadillac	Escalade ESV
Cadillac	Escalade IQ
Cadillac	Escalade IQL
Cadillac	Fleetwood
Cadillac	Hearse
Cadillac	Limousine
Cadillac	Lyriq
Cadillac	Optiq
Cadillac	SRX
Cadillac	STS
Cadillac	Seville
Cadillac	Vistiq
Cadillac	XLR
Cadillac	XT4
Cadillac	XT5
Cadillac	XT6
Cadillac	XTS
Chevrolet	3 ton
Chevrolet	Alero
Chevrolet	Aluminum Tilt
Chevrolet	Astro Van
Chevrolet	Avalanche
Chevrolet	Aveo
Chevrolet	B7
Chevrolet	Beretta
Chevrolet	Blazer
Chevrolet	Bolt
Chevrolet	Bolt EUV
Chevrolet	Bolt EV
Chevrolet	BrightDrop
Chevrolet	C/K Pickup
Chevrolet	C5
Chevrolet	C6
Chevrolet	C7
Chevrolet	Camaro
Chevrolet	Caprice
Chevrolet	Caprice Police Vehicle
Chevrolet	Captiva Sport
Chevrolet	Cavalier
Chevrolet	Celebrity
Chevrolet	Chevette
Chevrolet	Citation
Chevrolet	City Express
Chevrolet	Cobalt
Chevrolet	Colorado
Chevrolet	Corsica
Chevrolet	Corvette
Chevrolet	Cruze
Chevrolet	Cruze Limited
Chevrolet	El Camino
Chevrolet	Epica
Chevrolet	Equinox
Chevrolet	Forward Control
Chevrolet	G-Series
Chevrolet	GMT-400
Chevrolet	Geo Prizm
Chevrolet	Geo Spectrum
Chevrolet	Geo Sprint
Chevrolet	HHR
Chevrolet	Hearse/Limo
Chevrolet	Heavy Conventional
Chevrolet	Hi-Cube
Chevrolet	Impala
Chevrolet	Impala Limited
Chevrolet	Kalos
Chevrolet	LUV
Chevrolet	Lumina
Chevrolet	Lumina APV
Chevrolet	Malibu
Chevrolet	Malibu Classic
Chevrolet	Malibu Limited
Chevrolet	Matiz
Chevrolet	Metro
Chevrolet	Military Truck
Chevrolet	Monte Carlo
Chevrolet	Nova
Chevrolet	Onix
Chevrolet	Optra
Chevrolet	Orlando
Chevrolet	P - Series
Chevrolet	P6S
Chevrolet	R Conventional
Chevrolet	S-10 Blazer
Chevrolet	S-10 Pickup
Chevrolet	S6
Chevrolet	S7
Chevrolet	SS
Chevrolet	SSR
Chevrolet	Silverado
Chevrolet	Silverado HD
Chevrolet	Silverado LD
Chevrolet	Silverado LTD
Chevrolet	Sonic
Chevrolet	Spark
Chevrolet	Suburban
Chevrolet	Suburban HD
Chevrolet	Tahoe
Chevrolet	Tracker
Chevrolet	Trailblazer
Chevrolet	Traverse
Chevrolet	Traverse Limited
Chevrolet	Trax
Chevrolet	U100
Chevrolet	Uplander
Chevrolet	V Conventional
Chevrolet	Venture
Chevrolet	Volt
Chrysler	200
Chrysler	300
Chrysler	300C
Chrysler	Aspen
Chrysler	Cirrus
Chrysler	Concorde
Chrysler	Concorde/LHS
Chrysler	Conquest
Chrysler	Cordoba
Chrysler	Crossfire
Chrysler	Daytona
Chrysler	Dynasty
Chrysler	E-CLASS
Chrysler	EXECUTIVE
Chrysler	FIFTH AVENUE
Chrysler	Grand Caravan
Chrysler	Grand Voyager
Chrysler	Imperial
Chrysler	Intrepid
Chrysler	LHS
Chrysler	Laser
Chrysler	LeBaron
Chrysler	NEWPORT
Chrysler	Neon
Chrysler	New Yorker
Chrysler	PT Cruiser
Chrysler	Pacifica
Chrysler	Prowler
Chrysler	SALON
Chrysler	Sebring
Chrysler	Shadow
Chrysler	Stratus
Chrysler	TC
Chrysler	Town and Country
Chrysler	Viper
Chrysler	Vision
Chrysler	Voyager
Dodge	400
Dodge	600
Dodge	ARIES
Dodge	Avenger
Dodge	Caliber
Dodge	Caravan
Dodge	Caravan/Grand Caravan
Dodge	Challenger
Dodge	Charger
Dodge	Colt
Dodge	Conquest
Dodge	D-Series
Dodge	D50
Dodge	DIPLOMAT
Dodge	Dakota
Dodge	Dart
Dodge	Daytona
Dodge	Durango
Dodge	Dynasty
Dodge	Grand Caravan
Dodge	Hornet
Dodge	Intrepid
Dodge	Journey
Dodge	LANCER
Dodge	Magnum
Dodge	Mini Ram
Dodge	Mirada
Dodge	Monaco
Dodge	Neon
Dodge	Nitro
Dodge	OMNI
Dodge	RAM 50
Dodge	RD200 / RD250
Dodge	Raider
Dodge	Ram
Dodge	Ram Van
Dodge	Ram Wagon
Dodge	Ramcharger
Dodge	Rampage
Dodge	Royal Mini Ram Van
Dodge	ST.REGIS
Dodge	Shadow
Dodge	Shelby Charger
Dodge	Spirit
Dodge	Sprinter
Dodge	Stealth
Dodge	Stratus
Dodge	Viper
Dodge	W-Series
Fiat	124 Spider
Fiat	500
Fiat	500L
Fiat	500X
Fiat	500e
Fiat	Brava
Fiat	Ducato
Fiat	Freemont
Fiat	Spider 2000
Fiat	Strada
Fiat	X 1/9
Ford	'34
Ford	A8513
Ford	A9513
Ford	A9522
Ford	AT8513
Ford	AT9513
Ford	AT9522
Ford	Aerostar
Ford	Aspire
Ford	B-750
Ford	B600
Ford	B6000
Ford	B700
Ford	B7000
Ford	B800
Ford	Bronco
Ford	Bronco II
Ford	Bronco Sport
Ford	C-Max
Ford	C600
Ford	C700
Ford	C7000
Ford	C800
Ford	C8000
Ford	CF6000
Ford	CF7000
Ford	CF8000
Ford	CFT8000
Ford	CL9000
Ford	CLT9000
Ford	CT800
Ford	CT8000
Ford	Classic Sedan
Ford	Contour
Ford	Cordova Sedan
Ford	Courier
Ford	Crown Victoria
Ford	E-100
Ford	E-150
Ford	E-250
Ford	E-350
Ford	Ecosport
Ford	Edge
Ford	Escape
Ford	Escort
Ford	Excursion
Ford	Expedition
Ford	Expedition EL
Ford	Expedition MAX
Ford	Explorer
Ford	Explorer Sport
Ford	Explorer Sport Trac
Ford	F-100
Ford	F-150
Ford	F-150 Heritage
Ford	F-250
Ford	F-350
Ford	F-Super Duty
Ford	F6000
Ford	F7000
Ford	F8000
Ford	FT800
Ford	FT8000
Ford	FT900
Ford	Fairmont
Ford	Festiva
Ford	Fiesta
Ford	Five Hundred
Ford	Flex
Ford	Focus
Ford	Freestar
Ford	Freestyle
Ford	Fusion
Ford	GT
Ford	GT MKII
Ford	Granada
Ford	L800
Ford	L8000
Ford	L8501
Ford	L8511
Ford	L8513
Ford	L9000
Ford	L9501
Ford	L9511
Ford	L9513
Ford	L9522
Ford	LA8000
Ford	LA9000
Ford	LL9000
Ford	LLA9000
Ford	LLS9000
Ford	LN600
Ford	LN700
Ford	LN7000
Ford	LN800
Ford	LN8000
Ford	LN9000
Ford	LNT800
Ford	LNT8000
Ford	LNT9000
Ford	LS8000
Ford	LS9000
Ford	LT800
Ford	LT8000
Ford	LT8501
Ford	LT8511
Ford	LT8513
Ford	LT9000
Ford	LT9501
Ford	LT9511
Ford	LT9513
Ford	LT9522
Ford	LTA9000
Ford	LTD
Ford	LTL9000
Ford	LTLA9000
Ford	LTLS9000
Ford	LTS8000
Ford	LTS9000
Ford	Laser
Ford	Malibu Sedan
Ford	Maverick
Ford	Mustang
Ford	Mustang GTD
Ford	Mustang Mach-E
Ford	P600
Ford	P700
Ford	P800
Ford	Probe
Ford	Ranger
Ford	Recreational Vehicle
Ford	Taurus
Ford	Taurus X
Ford	Tempo
Ford	Thunderbird
Ford	Transit
Ford	Transit Connect
Ford	Windstar
Ford	ZX2
GMC	ACL
GMC	ACM
GMC	AT
GMC	Acadia
GMC	Aluminum Tilt
GMC	C/K Pickup
GMC	C5
GMC	C6
GMC	C7
GMC	CACL
GMC	CNR
GMC	CWG
GMC	Caballero
GMC	Canyon
GMC	Cruise Origin AV
GMC	DK
GMC	DS
GMC	Electric Vehicle
GMC	Envoy
GMC	FE
GMC	Forward Control
GMC	GMT-400
GMC	Geo Tracker
GMC	Heavy Conventional
GMC	Hi-Cube
GMC	Hummer EV Pickup
GMC	Hummer EV SUV
GMC	Jimmy
GMC	Jimmy Utility
GMC	Magna Van
GMC	NE
GMC	NR
GMC	P Truck Forward
GMC	R Conventional
GMC	Rally
GMC	S15 Pickup
GMC	S15 Utility
GMC	S6
GMC	Safari
GMC	Savana
GMC	Sierra
GMC	Sierra HD
GMC	Sierra Limited
GMC	Sonoma
GMC	Suburban
GMC	Terrain
GMC	V Conventional
GMC	Value Van
GMC	Vandura
GMC	WB
GMC	WCA
GMC	WCL
GMC	WCM
GMC	WCS
GMC	WHEB
GMC	WHL
GMC	WHLB
GMC	WHM
GMC	WHR
GMC	WHS
GMC	WIA
GMC	WIL
GMC	WIM
GMC	WIS
GMC	Yukon
GMC	Yukon XL
Genesis	G70
Genesis	G80
Genesis	G90
Genesis	GV60
Genesis	GV60 Magma
Genesis	GV70
Genesis	GV80
Honda	Accord
Honda	Accord Crosstour
Honda	CR-V
Honda	CR-Z
Honda	Civic
Honda	Civic Si
Honda	Civic Type R
Honda	Clarity
Honda	Crosstour
Honda	EV Plus
Honda	Element
Honda	FCX Clarity
Honda	Fit
Honda	HR-V
Honda	Insight
Honda	Odyssey
Honda	Passport
Honda	Pilot
Honda	Prelude
Honda	Prologue
Honda	Ridgeline
Honda	S2000
Honda	del Sol
Hyundai	Accent
Hyundai	Azera
Hyundai	Elantra
Hyundai	Elantra GT
Hyundai	Elantra N
Hyundai	Elantra Touring
Hyundai	Entourage
Hyundai	Equus
Hyundai	Excel
Hyundai	Genesis
Hyundai	Genesis Coupe
Hyundai	Ioniq
Hyundai	Ioniq 5
Hyundai	Ioniq 5 N
Hyundai	Ioniq 6
Hyundai	Ioniq 6 N
Hyundai	Ioniq 9
Hyundai	Kona
Hyundai	Kona N
Hyundai	Nexo
Hyundai	Palisade
Hyundai	Pony
Hyundai	Santa Cruz
Hyundai	Santa Fe
Hyundai	Santa Fe Sport
Hyundai	Santa Fe XL
Hyundai	Scoupe
Hyundai	Sonata
Hyundai	Stellar
Hyundai	Tiburon
Hyundai	Tucson
Hyundai	Veloster
Hyundai	Veloster N
Hyundai	Venue
Hyundai	Veracruz
Hyundai	XG300
Hyundai	XG350
Hyundai	Xcient
Infiniti	EX35
Infiniti	FX35
Infiniti	FX37
Infiniti	FX45
Infiniti	FX50
Infiniti	G20
Infiniti	G25
Infiniti	G35
Infiniti	G37
Infiniti	I30
Infiniti	I35
Infiniti	J30
Infiniti	JX35
Infiniti	M30
Infiniti	M35
Infiniti	M35h
Infiniti	M37
Infiniti	M45
Infiniti	M56
Infiniti	Q40
Infiniti	Q45
Infiniti	Q50
Infiniti	Q60
Infiniti	Q70
Infiniti	Q70L
Infiniti	QX30
Infiniti	QX4
Infiniti	QX50
Infiniti	QX55
Infiniti	QX56
Infiniti	QX60
Infiniti	QX65
Infiniti	QX70
Infiniti	QX80
Jaguar	E-PACE
Jaguar	F-PACE
Jaguar	F-TYPE
Jaguar	I-PACE
Jaguar	S-Type
Jaguar	Vanden Plas
Jaguar	X-Type
Jaguar	XE
Jaguar	XF
Jaguar	XJ
Jaguar	XJ12
Jaguar	XJ6
Jaguar	XJ8
Jaguar	XJR
Jaguar	XJS
Jaguar	XK
Jaguar	XK8
Jeep	CJ-5
Jeep	CJ-6
Jeep	CJ-7
Jeep	CJ-8 Scrambler
Jeep	Cherokee
Jeep	Comanche
Jeep	Commander
Jeep	Compass
Jeep	Gladiator
Jeep	Grand Cherokee
Jeep	Grand Cherokee L
Jeep	Grand Wagoneer
Jeep	Grand Wagoneer L
Jeep	J-10
Jeep	J-20
Jeep	Liberty
Jeep	Patriot
Jeep	Recon
Jeep	Renegade
Jeep	Wagoneer
Jeep	Wagoneer L
Jeep	Wagoneer S
Jeep	Wrangler
Jeep	Wrangler JK
Kia	Amanti
Kia	Borrego
Kia	Cadenza
Kia	Carnival
Kia	EV3
Kia	EV6
Kia	EV9
Kia	Forte
Kia	Forte Koup
Kia	K4
Kia	K5
Kia	K900
Kia	Miami
Kia	Niro
Kia	Optima
Kia	Rio
Kia	Rondo
Kia	Sedona
Kia	Seltos
Kia	Sephia
Kia	Sorento
Kia	Soul
Kia	Spectra
Kia	Sportage
Kia	Stinger
Kia	Telluride
Land Rover	110" WB
Land Rover	88” WB
Land Rover	90" WB
Land Rover	Defender
Land Rover	Discovery
Land Rover	Discovery Sport
Land Rover	Freelander
Land Rover	LR2
Land Rover	LR3
Land Rover	LR4
Land Rover	New Range Rover
Land Rover	Range Rover
Land Rover	Range Rover Evoque
Land Rover	Range Rover Sport
Land Rover	Range Rover Velar
Lexus	CT
Lexus	ES
Lexus	GS
Lexus	GX
Lexus	HS
Lexus	IS
Lexus	LC
Lexus	LFA
Lexus	LS
Lexus	LX
Lexus	NX
Lexus	RC
Lexus	RX
Lexus	RZ
Lexus	SC
Lexus	TX
Lexus	UX
Lincoln	Aviator
Lincoln	Blackwood
Lincoln	Continental
Lincoln	Corsair
Lincoln	LS
Lincoln	MKC
Lincoln	MKS
Lincoln	MKT
Lincoln	MKX
Lincoln	MKZ
Lincoln	Mark
Lincoln	Mark LT
Lincoln	Nautilus
Lincoln	Navigator
Lincoln	Navigator L
Lincoln	Town Car
Lincoln	Zephyr
Mazda	323
Mazda	626
Mazda	929
Mazda	B-Series
Mazda	CX-3
Mazda	CX-30
Mazda	CX-5
Mazda	CX-50
Mazda	CX-7
Mazda	CX-70
Mazda	CX-9
Mazda	CX-90
Mazda	GLC
Mazda	MPV
Mazda	MX-3
Mazda	MX-30
Mazda	MX-5
Mazda	MX-6
Mazda	Mazda2
Mazda	Mazda3
Mazda	Mazda5
Mazda	Mazda6
Mazda	Millenia
Mazda	Navajo
Mazda	Protege
Mazda	RX-7
Mazda	RX-8
Mazda	Tribute
Mercedes-Benz	190
Mercedes-Benz	240
Mercedes-Benz	260
Mercedes-Benz	280
Mercedes-Benz	300
Mercedes-Benz	350
Mercedes-Benz	380
Mercedes-Benz	400
Mercedes-Benz	420
Mercedes-Benz	500
Mercedes-Benz	560
Mercedes-Benz	600
Mercedes-Benz	A-Class
Mercedes-Benz	AMG GT
Mercedes-Benz	B-Class
Mercedes-Benz	C-Class
Mercedes-Benz	CL-Class
Mercedes-Benz	CLA-Class
Mercedes-Benz	CLE
Mercedes-Benz	CLK-Class
Mercedes-Benz	CLS-Class
Mercedes-Benz	E-Class
Mercedes-Benz	EQB-Class
Mercedes-Benz	EQE-Class SUV
Mercedes-Benz	EQE-Class Sedan
Mercedes-Benz	EQS-Class SUV
Mercedes-Benz	EQS-Class Sedan
Mercedes-Benz	G-Class
Mercedes-Benz	GL-Class
Mercedes-Benz	GLA-Class
Mercedes-Benz	GLB-Class
Mercedes-Benz	GLC-Class
Mercedes-Benz	GLE-Class
Mercedes-Benz	GLK-Class
Mercedes-Benz	GLS-Class
Mercedes-Benz	L1013
Mercedes-Benz	L1113
Mercedes-Benz	L1116
Mercedes-Benz	L1117
Mercedes-Benz	L1316
Mercedes-Benz	L1317
Mercedes-Benz	L1319
Mercedes-Benz	L1418
Mercedes-Benz	L1419
Mercedes-Benz	LP1219
Mercedes-Benz	LP1419
Mercedes-Benz	LPS1525
Mercedes-Benz	M-Class
Mercedes-Benz	ML-Class
Mercedes-Benz	Metris
Mercedes-Benz	R-Class
Mercedes-Benz	S-Class
Mercedes-Benz	SL-Class
Mercedes-Benz	SLC-Class
Mercedes-Benz	SLK-Class
Mercedes-Benz	SLR McLaren
Mercedes-Benz	SLS-Class
Mercedes-Benz	Sprinter
Mercedes-Benz	eSprinter
Mercury	Capri
Mercury	Cougar
Mercury	Grand Marquis
Mercury	Lynx
Mercury	MARQUIS
Mercury	Marauder
Mercury	Mariner
Mercury	Milan
Mercury	Montego
Mercury	Monterey
Mercury	Mountaineer
Mercury	Mystique
Mercury	Sable
Mercury	Topaz
Mercury	Tracer
Mercury	Villager
Mercury	Zephyr
Mini	Clubman
Mini	Cooper
Mini	Cooper Convertible
Mini	Cooper Coupe
Mini	Cooper Roadster
Mini	Countryman
Mini	FL
Mini	Hardtop
Mini	KW
Mini	Mack
Mini	Paceman
Mini	Pete
Mitsubishi	3000GT
Mitsubishi	Cordia
Mitsubishi	Diamante
Mitsubishi	Eclipse
Mitsubishi	Eclipse Cross
Mitsubishi	Endeavor
Mitsubishi	Expo
Mitsubishi	FE639
Mitsubishi	FE640
Mitsubishi	FE640DW
Mitsubishi	FE649
Mitsubishi	FEC7US / eCanter
Mitsubishi	FG639
Mitsubishi	FG649
Mitsubishi	FH211
Mitsubishi	FK617
Mitsubishi	FM617
Mitsubishi	FM657
Mitsubishi	Galant
Mitsubishi	Lancer
Mitsubishi	Lancer Evolution
Mitsubishi	Lancer SportBack
Mitsubishi	Mighty Max
Mitsubishi	Mirage
Mitsubishi	Mirage G4
Mitsubishi	Montero
Mitsubishi	Montero Sport
Mitsubishi	Outlander
Mitsubishi	Outlander Sport
Mitsubishi	Precis
Mitsubishi	RVR
Mitsubishi	Raider
Mitsubishi	SP
Mitsubishi	SPX
Mitsubishi	Sigma
Mitsubishi	Space Wagon
Mitsubishi	Starion
Mitsubishi	Tredia
Mitsubishi	i-MiEV
Nissan	200SX
Nissan	240SX
Nissan	300ZX
Nissan	350Z
Nissan	370Z
Nissan	Altima
Nissan	Altra
Nissan	Altra-EV
Nissan	Ariya Hatchback
Nissan	Ariya MPV
Nissan	Armada
Nissan	Axxess
Nissan	Cube
Nissan	Frontier
Nissan	GT-R
Nissan	Juke
Nissan	Kicks
Nissan	Kicks MPV
Nissan	Kicks Play
Nissan	Leaf
Nissan	Maxima
Nissan	Micra
Nissan	Murano
Nissan	NV
Nissan	NV200
Nissan	NX
Nissan	Nissan Z
Nissan	PULSAR
Nissan	Pathfinder
Nissan	Quest
Nissan	Rogue
Nissan	Rogue Select
Nissan	Rogue Sport
Nissan	Sentra
Nissan	Sentra Classic
Nissan	Stanza
Nissan	Stanza Wagon
Nissan	Titan
Nissan	Versa
Nissan	Versa Note
Nissan	X-Trail
Nissan	Xterra
Pontiac	6000
Pontiac	Acadian
Pontiac	Aztek
Pontiac	Bonneville
Pontiac	Catalina
Pontiac	Fiero
Pontiac	Firebird
Pontiac	Firefly
Pontiac	G3
Pontiac	G5
Pontiac	G6
Pontiac	G8
Pontiac	GTO
Pontiac	Grand AM
Pontiac	Grand Lemans
Pontiac	Grand Prix
Pontiac	J2000
Pontiac	Laurentian
Pontiac	Lemans
Pontiac	Matiz
Pontiac	Montana
Pontiac	Montana SV6
Pontiac	Parisienne
Pontiac	Phoenix
Pontiac	Pursuit
Pontiac	Safari
Pontiac	Solstice
Pontiac	Sunbird
Pontiac	Sunbird 2000
Pontiac	Sunburst
Pontiac	Sunfire
Pontiac	T1000
Pontiac	Tempest
Pontiac	Torrent
Pontiac	Trans Sport
Pontiac	Vibe
Pontiac	Wave
Porsche	718 Boxster
Porsche	718 Cayman
Porsche	718 Spyder
Porsche	911
Porsche	918
Porsche	924
Porsche	928
Porsche	944
Porsche	968
Porsche	Boxster
Porsche	Cayenne
Porsche	Cayman
Porsche	Macan
Porsche	Panamera
Porsche	Taycan
Ram	1500
Ram	2500
Ram	3500
Ram	4000
Ram	Cargo Van
Ram	ProMaster 1500
Ram	ProMaster 2500
Ram	ProMaster 3500
Ram	Promaster City
Saturn	Astra
Saturn	Aura
Saturn	Ion
Saturn	L200
Saturn	L300
Saturn	LS
Saturn	LS1
Saturn	LS2
Saturn	LW1
Saturn	LW2
Saturn	LW200
Saturn	LW300
Saturn	Outlook
Saturn	Relay
Saturn	SC1
Saturn	SC2
Saturn	SL
Saturn	SL1
Saturn	SL2
Saturn	SL3
Saturn	SW1
Saturn	SW2
Saturn	Sky
Saturn	Vue
Subaru	Ascent
Subaru	B9 Tribeca
Subaru	BRZ
Subaru	Baja
Subaru	Brat
Subaru	Crosstrek
Subaru	DL
Subaru	Forester
Subaru	GL
Subaru	GL-10
Subaru	GLF
Subaru	Impreza
Subaru	Justy
Subaru	Legacy
Subaru	Loyale
Subaru	Outback
Subaru	RX
Subaru	SVX
Subaru	Solterra
Subaru	Trailseeker
Subaru	Uncharted
Subaru	WRX
Subaru	XT
Subaru	XT6
Subaru	XV CrossTrek
Tesla	Cybercab
Tesla	Cybertruck
Tesla	Model 3
Tesla	Model S
Tesla	Model X
Tesla	Model Y
Tesla	Roadster
Tesla	Semi
Toyota	4Runner
Toyota	86
Toyota	Avalon
Toyota	C-HR
Toyota	COROLLA iM
Toyota	Camry
Toyota	Camry Solara
Toyota	Cargo Van
Toyota	Celica
Toyota	Corolla
Toyota	Corolla Cross
Toyota	Corolla Matrix
Toyota	Corona
Toyota	Cressida
Toyota	Crown
Toyota	Crown Signia
Toyota	Echo
Toyota	FCHV-adv
Toyota	FJ Cruiser
Toyota	GR Corolla
Toyota	GR86
Toyota	Grand Highlander
Toyota	Highlander
Toyota	Land Cruiser
Toyota	MR2
Toyota	Mirai
Toyota	Paseo
Toyota	Pick-Up
Toyota	Previa
Toyota	Prius
Toyota	Prius C
Toyota	Prius Prime (PHEV)
Toyota	Prius V
Toyota	RAV4
Toyota	RAV4 Prime (PHEV)
Toyota	Scion FR-S
Toyota	Scion iA
Toyota	Scion iM
Toyota	Scion iQ
Toyota	Scion tC
Toyota	Scion xA
Toyota	Scion xB
Toyota	Scion xD
Toyota	Sequoia
Toyota	Sienna
Toyota	Starlet
Toyota	Supra
Toyota	T100
Toyota	Tacoma
Toyota	Tercel
Toyota	Tundra
Toyota	Venza
Toyota	Yaris
Toyota	Yaris iA
Toyota	bZ
Toyota	bZ Woodland
Toyota	bZ4X
Volkswagen	Arteon
Volkswagen	Atlas
Volkswagen	Atlas Cross Sport
Volkswagen	Beetle
Volkswagen	CABRIOLET
Volkswagen	CC
Volkswagen	Cabrio
Volkswagen	Corrado
Volkswagen	Dasher
Volkswagen	Eos
Volkswagen	EuroVan
Volkswagen	FOX
Volkswagen	GLI
Volkswagen	GTI
Volkswagen	Golf
Volkswagen	Golf Alltrack
Volkswagen	Golf GTI
Volkswagen	Golf III
Volkswagen	Golf R
Volkswagen	Golf SportWagen
Volkswagen	ID. Buzz
Volkswagen	ID.4
Volkswagen	Jetta
Volkswagen	Jetta GLI
Volkswagen	Jetta SportWagen
Volkswagen	Jetta Wagon
Volkswagen	KOMBI
Volkswagen	Passat
Volkswagen	Phaeton
Volkswagen	Quantum
Volkswagen	R32
Volkswagen	Rabbit
Volkswagen	Routan
Volkswagen	Scirocco
Volkswagen	Taos
Volkswagen	Tiguan
Volkswagen	Tiguan Limited
Volkswagen	Touareg
Volkswagen	Vanagon
Volkswagen	e-Golf
Volvo	240 Series
Volvo	260 Series
Volvo	740 Series
Volvo	760 Series
Volvo	780 Series
Volvo	850 Series
Volvo	940 Series
Volvo	960 Series
Volvo	ACL
Volvo	C30
Volvo	C40
Volvo	C70
Volvo	C70 / C30
Volvo	CACL
Volvo	CNE
Volvo	CNR
Volvo	CWG
Volvo	Cab Behind Engine
Volvo	Cab Over Engine HT
Volvo	Cab Over Engine LT
Volvo	EC40
Volvo	EX30
Volvo	EX30 CC
Volvo	EX40
Volvo	EX60
Volvo	EX90
Volvo	F12 w/F7 Cab
Volvo	F6 w/F7 Cab
Volvo	FE
Volvo	FM10
Volvo	FML
Volvo	NE
Volvo	NE42
Volvo	NE64
Volvo	NR
Volvo	NR64
Volvo	S40
Volvo	S60
Volvo	S60CC
Volvo	S70
Volvo	S80
Volvo	S90
Volvo	V40
Volvo	V50
Volvo	V60
Volvo	V60CC
Volvo	V70
Volvo	V90
Volvo	V90CC
Volvo	VAH
Volvo	VHD
Volvo	VN
Volvo	VNC
Volvo	VNL
Volvo	VNL (4)
Volvo	VNM
Volvo	VNR
Volvo	VNR (4)
Volvo	VNX
Volvo	VNX (4)
Volvo	VS
Volvo	VT
Volvo	WAH
Volvo	WCA
Volvo	WG
Volvo	WHEB
Volvo	WHL
Volvo	WHLB
Volvo	WHR
Volvo	WIA
Volvo	WX
Volvo	WXLL
Volvo	WXLM
Volvo	WXR
Volvo	XC40
Volvo	XC60
Volvo	XC70
Volvo	XC90
